<metadata xml:lang="en"><Esri><CreaDate>20250321</CreaDate><CreaTime>10074900</CreaTime><ArcGISFormat>1.0</ArcGISFormat><SyncOnce>FALSE</SyncOnce><DataProperties><itemProps><itemName Sync="TRUE">residences_perhaps</itemName><imsContentType Sync="TRUE">002</imsContentType><itemLocation><linkage Sync="TRUE">file://\\CITRIX-015\C$\Users\weckero\Documents\Dasy_data\residences_perhaps.shp</linkage><protocol Sync="TRUE">Local Area Network</protocol></itemLocation><itemSize Sync="TRUE">0.000</itemSize></itemProps><coordRef><type Sync="TRUE">Geographic</type><geogcsn Sync="TRUE">GCS_WGS_1984</geogcsn><csUnits Sync="TRUE">Angular Unit: Degree (0.017453)</csUnits><peXml Sync="TRUE">&lt;GeographicCoordinateSystem xsi:type='typens:GeographicCoordinateSystem' xmlns:xsi='http://www.w3.org/2001/XMLSchema-instance' xmlns:xs='http://www.w3.org/2001/XMLSchema' xmlns:typens='http://www.esri.com/schemas/ArcGIS/3.4.0'&gt;&lt;WKT&gt;GEOGCS[&amp;quot;GCS_WGS_1984&amp;quot;,DATUM[&amp;quot;D_WGS_1984&amp;quot;,SPHEROID[&amp;quot;WGS_1984&amp;quot;,6378137.0,298.257223563]],PRIMEM[&amp;quot;Greenwich&amp;quot;,0.0],UNIT[&amp;quot;Degree&amp;quot;,0.0174532925199433],AUTHORITY[&amp;quot;EPSG&amp;quot;,4326]]&lt;/WKT&gt;&lt;XOrigin&gt;-400&lt;/XOrigin&gt;&lt;YOrigin&gt;-400&lt;/YOrigin&gt;&lt;XYScale&gt;11258999068426.238&lt;/XYScale&gt;&lt;ZOrigin&gt;-100000&lt;/ZOrigin&gt;&lt;ZScale&gt;10000&lt;/ZScale&gt;&lt;MOrigin&gt;-100000&lt;/MOrigin&gt;&lt;MScale&gt;10000&lt;/MScale&gt;&lt;XYTolerance&gt;8.983152841195215e-09&lt;/XYTolerance&gt;&lt;ZTolerance&gt;0.001&lt;/ZTolerance&gt;&lt;MTolerance&gt;0.001&lt;/MTolerance&gt;&lt;HighPrecision&gt;true&lt;/HighPrecision&gt;&lt;LeftLongitude&gt;-180&lt;/LeftLongitude&gt;&lt;WKID&gt;4326&lt;/WKID&gt;&lt;LatestWKID&gt;4326&lt;/LatestWKID&gt;&lt;/GeographicCoordinateSystem&gt;</peXml></coordRef><lineage><Process ToolSource="c:\program files\arcgis\pro\Resources\ArcToolbox\toolboxes\Analysis Tools.tbx\Clip" Date="20250321" Time="100756">Clip gis_osm_buildings_a_free_1 benton_census_tracts_teen_pop_short C:\Users\weckero\Documents\ArcGIS\Projects\MyProject1\MyProject1.gdb\gis_osm_buildings_a_fre_Clip #</Process><Process ToolSource="c:\program files\arcgis\pro\Resources\ArcToolbox\toolboxes\Conversion Tools.tbx\ExportFeatures" Date="20250321" Time="101434">ExportFeatures gis_osm_buildings_a_fre_Clip C:\Users\weckero\Documents\ArcGIS\Projects\MyProject1\MyProject1.gdb\gis_osm_buildings_a_fre_Clip_ExportFeatures # NOT_USE_ALIAS "osm_id "osm_id" true true false 12 Text 0 0,First,#,gis_osm_buildings_a_fre_Clip,osm_id,0,11;code "code" true true false 2 Short 0 0,First,#,gis_osm_buildings_a_fre_Clip,code,-1,-1;fclass "fclass" true true false 28 Text 0 0,First,#,gis_osm_buildings_a_fre_Clip,fclass,0,27;name "name" true true false 100 Text 0 0,First,#,gis_osm_buildings_a_fre_Clip,name,0,99;type "type" true true false 20 Text 0 0,First,#,gis_osm_buildings_a_fre_Clip,type,0,19;Shape_Length "Shape_Length" false true true 8 Double 0 0,First,#,gis_osm_buildings_a_fre_Clip,Shape_Length,-1,-1;Shape_Area "Shape_Area" false true true 8 Double 0 0,First,#,gis_osm_buildings_a_fre_Clip,Shape_Area,-1,-1" #</Process><Process ToolSource="c:\program files\arcgis\pro\Resources\ArcToolbox\toolboxes\Conversion Tools.tbx\ExportFeatures" Date="20250321" Time="101523">ExportFeatures gis_osm_buildings_a_fre_Clip_ExportFeatures C:\Users\weckero\Documents\Dasy_data\Buildings_Benton_REAL.shp # NOT_USE_ALIAS "osm_id "osm_id" true true false 12 Text 0 0,First,#,gis_osm_buildings_a_fre_Clip_ExportFeatures,osm_id,0,11;code "code" true true false 2 Short 0 0,First,#,gis_osm_buildings_a_fre_Clip_ExportFeatures,code,-1,-1;fclass "fclass" true true false 28 Text 0 0,First,#,gis_osm_buildings_a_fre_Clip_ExportFeatures,fclass,0,27;name "name" true true false 100 Text 0 0,First,#,gis_osm_buildings_a_fre_Clip_ExportFeatures,name,0,99;type "type" true true false 20 Text 0 0,First,#,gis_osm_buildings_a_fre_Clip_ExportFeatures,type,0,19;Shape_Length "Shape_Length" false true true 8 Double 0 0,First,#,gis_osm_buildings_a_fre_Clip_ExportFeatures,Shape_Length,-1,-1;Shape_Area "Shape_Area" false true true 8 Double 0 0,First,#,gis_osm_buildings_a_fre_Clip_ExportFeatures,Shape_Area,-1,-1" #</Process><Process ToolSource="c:\program files\arcgis\pro\Resources\ArcToolbox\toolboxes\Conversion Tools.tbx\ExportFeatures" Date="20250321" Time="111906">ExportFeatures Buildings_Benton_REAL C:\Users\weckero\Documents\ArcGIS\Projects\MyProject1\MyProject1.gdb\Buildings_Benton_REAL2_test # NOT_USE_ALIAS "osm_id "osm_id" true true false 12 Text 0 0,First,#,Buildings_Benton_REAL,osm_id,0,11;code "code" true true false 5 Long 0 5,First,#,Buildings_Benton_REAL,code,-1,-1;fclass "fclass" true true false 28 Text 0 0,First,#,Buildings_Benton_REAL,fclass,0,27;name "name" true true false 100 Text 0 0,First,#,Buildings_Benton_REAL,name,0,99;type "type" true true false 20 Text 0 0,First,#,Buildings_Benton_REAL,type,0,19;Shape_Leng "Shape_Leng" true true false 19 Double 0 0,First,#,Buildings_Benton_REAL,Shape_Leng,-1,-1;Shape_Area "Shape_Area" true true false 19 Double 0 0,First,#,Buildings_Benton_REAL,Shape_Area,-1,-1" #</Process><Process ToolSource="c:\program files\arcgis\pro\Resources\ArcToolbox\toolboxes\Conversion Tools.tbx\ExportFeatures" Date="20250321" Time="113022">ExportFeatures Buildings_Benton_REAL2_test C:\Users\weckero\Documents\Dasy_data\res_unnamed_test_buildings.shp # NOT_USE_ALIAS "osm_id "osm_id" true true false 12 Text 0 0,First,#,Buildings_Benton_REAL2_test,osm_id,0,11;code "code" true true false 4 Long 0 0,First,#,Buildings_Benton_REAL2_test,code,-1,-1;fclass "fclass" true true false 28 Text 0 0,First,#,Buildings_Benton_REAL2_test,fclass,0,27;name "name" true true false 100 Text 0 0,First,#,Buildings_Benton_REAL2_test,name,0,99;type "type" true true false 20 Text 0 0,First,#,Buildings_Benton_REAL2_test,type,0,19;Shape_Leng "Shape_Leng" true true false 8 Double 0 0,First,#,Buildings_Benton_REAL2_test,Shape_Leng,-1,-1;Shape_Length "Shape_Length" false true true 8 Double 0 0,First,#,Buildings_Benton_REAL2_test,Shape_Length,-1,-1;Shape_Area "Shape_Area" false true true 8 Double 0 0,First,#,Buildings_Benton_REAL2_test,Shape_Area,-1,-1" #</Process><Process ToolSource="c:\program files\arcgis\pro\Resources\ArcToolbox\toolboxes\Data Management Tools.tbx\CalculateGeometryAttributes" Date="20250321" Time="115926">CalculateGeometryAttributes res_unnamed_test_buildings "Shape_Area AREA_GEODESIC" # SQUARE_FEET_INT # SAME_AS_INPUT</Process><Process ToolSource="c:\program files\arcgis\pro\Resources\ArcToolbox\toolboxes\Data Management Tools.tbx\CalculateGeometryAttributes" Date="20250321" Time="120139">CalculateGeometryAttributes res_unnamed_test_buildings "Shape_Area AREA_GEODESIC" # SQUARE_FEET_INT # SAME_AS_INPUT</Process><Process ToolSource="c:\program files\arcgis\pro\Resources\ArcToolbox\toolboxes\Conversion Tools.tbx\ExportFeatures" Date="20250321" Time="120228">ExportFeatures res_unnamed_test_buildings C:\Users\weckero\Documents\ArcGIS\Projects\MyProject2\MyProject2.gdb\res_largerthan4kft # NOT_USE_ALIAS "osm_id "osm_id" true true false 12 Text 0 0,First,#,res_unnamed_test_buildings,osm_id,0,11;code "code" true true false 10 Long 0 10,First,#,res_unnamed_test_buildings,code,-1,-1;fclass "fclass" true true false 28 Text 0 0,First,#,res_unnamed_test_buildings,fclass,0,27;name "name" true true false 100 Text 0 0,First,#,res_unnamed_test_buildings,name,0,99;type "type" true true false 20 Text 0 0,First,#,res_unnamed_test_buildings,type,0,19;Shape_Leng "Shape_Leng" true true false 19 Double 0 0,First,#,res_unnamed_test_buildings,Shape_Leng,-1,-1;Shape_Le_1 "Shape_Le_1" true true false 19 Double 0 0,First,#,res_unnamed_test_buildings,Shape_Le_1,-1,-1;Shape_Area "Shape_Area" true true false 19 Double 0 0,First,#,res_unnamed_test_buildings,Shape_Area,-1,-1" #</Process><Process ToolSource="c:\program files\arcgis\pro\Resources\ArcToolbox\toolboxes\Data Management Tools.tbx\Merge" Date="20250321" Time="120327">Merge res_largerthan4kft;apartments C:\Users\weckero\Documents\ArcGIS\Projects\MyProject2\MyProject2.gdb\residences "osm_id "osm_id" true true false 12 Text 0 0,First,#,res_largerthan4kft,osm_id,0,11,apartments,osm_id,0,11;code "code" true true false 4 Long 0 0,First,#,res_largerthan4kft,code,-1,-1,apartments,code,-1,-1;fclass "fclass" true true false 28 Text 0 0,First,#,res_largerthan4kft,fclass,0,27,apartments,fclass,0,27;name "name" true true false 100 Text 0 0,First,#,res_largerthan4kft,name,0,99,apartments,name,0,99;type "type" true true false 20 Text 0 0,First,#,res_largerthan4kft,type,0,19,apartments,type,0,19;Shape_Leng "Shape_Leng" true true false 8 Double 0 0,First,#,res_largerthan4kft,Shape_Leng,-1,-1,apartments,Shape_Leng,-1,-1;Shape_Le_1 "Shape_Le_1" true true false 8 Double 0 0,First,#,res_largerthan4kft,Shape_Le_1,-1,-1,apartments,Shape_Le_1,-1,-1" NO_SOURCE_INFO MANUAL_EDIT</Process><Process ToolSource="c:\program files\arcgis\pro\Resources\ArcToolbox\toolboxes\Conversion Tools.tbx\ExportFeatures" Date="20250321" Time="120947">ExportFeatures residences C:\Users\weckero\Documents\Dasy_data\residences_perhaps.shp # NOT_USE_ALIAS "osm_id "osm_id" true true false 12 Text 0 0,First,#,residences,osm_id,0,11;code "code" true true false 4 Long 0 0,First,#,residences,code,-1,-1;fclass "fclass" true true false 28 Text 0 0,First,#,residences,fclass,0,27;name "name" true true false 100 Text 0 0,First,#,residences,name,0,99;type "type" true true false 20 Text 0 0,First,#,residences,type,0,19;Shape_Leng "Shape_Leng" true true false 8 Double 0 0,First,#,residences,Shape_Leng,-1,-1;Shape_Le_1 "Shape_Le_1" true true false 8 Double 0 0,First,#,residences,Shape_Le_1,-1,-1;Shape_Length "Shape_Length" false true true 8 Double 0 0,First,#,residences,Shape_Length,-1,-1;Shape_Area "Shape_Area" false true true 8 Double 0 0,First,#,residences,Shape_Area,-1,-1" #</Process></lineage></DataProperties><SyncDate>20250321</SyncDate><SyncTime>12094300</SyncTime><ModDate>20250321</ModDate><ModTime>12094300</ModTime></Esri><dataIdInfo><envirDesc Sync="TRUE">Microsoft Windows 10 Version 10.0 (Build 22631) ; Esri ArcGIS 13.4.0.55405</envirDesc><dataLang><languageCode value="eng" Sync="TRUE"></languageCode><countryCode value="USA" Sync="TRUE"></countryCode></dataLang><idCitation><resTitle Sync="TRUE">residences_perhaps</resTitle><presForm><PresFormCd value="005" Sync="TRUE"></PresFormCd></presForm></idCitation><spatRpType><SpatRepTypCd value="001" Sync="TRUE"></SpatRepTypCd></spatRpType></dataIdInfo><mdLang><languageCode value="eng" Sync="TRUE"></languageCode><countryCode value="USA" Sync="TRUE"></countryCode></mdLang><distInfo><distFormat><formatName Sync="TRUE">Shapefile</formatName></distFormat><distTranOps><transSize Sync="TRUE">0.000</transSize></distTranOps></distInfo><mdHrLv><ScopeCd value="005" Sync="TRUE"></ScopeCd></mdHrLv><mdHrLvName Sync="TRUE">dataset</mdHrLvName><refSysInfo><RefSystem><refSysID><identCode code="4326" Sync="TRUE"></identCode><idCodeSpace Sync="TRUE">EPSG</idCodeSpace><idVersion Sync="TRUE">6.2(3.0.1)</idVersion></refSysID></RefSystem></refSysInfo><spatRepInfo><VectSpatRep><geometObjs Name="residences_perhaps"><geoObjTyp><GeoObjTypCd value="002" Sync="TRUE"></GeoObjTypCd></geoObjTyp><geoObjCnt Sync="TRUE">0</geoObjCnt></geometObjs><topLvl><TopoLevCd value="001" Sync="TRUE"></TopoLevCd></topLvl></VectSpatRep></spatRepInfo><spdoinfo><ptvctinf><esriterm Name="residences_perhaps"><efeatyp Sync="TRUE">Simple</efeatyp><efeageom code="4" Sync="TRUE"></efeageom><esritopo Sync="TRUE">FALSE</esritopo><efeacnt Sync="TRUE">0</efeacnt><spindex Sync="TRUE">FALSE</spindex><linrefer Sync="TRUE">FALSE</linrefer></esriterm></ptvctinf></spdoinfo><eainfo><detailed Name="residences_perhaps"><enttyp><enttypl Sync="TRUE">residences_perhaps</enttypl><enttypt Sync="TRUE">Feature Class</enttypt><enttypc Sync="TRUE">0</enttypc></enttyp><attr><attrlabl Sync="TRUE">FID</attrlabl><attalias Sync="TRUE">FID</attalias><attrtype Sync="TRUE">OID</attrtype><attwidth Sync="TRUE">4</attwidth><atprecis Sync="TRUE">0</atprecis><attscale Sync="TRUE">0</attscale><attrdef Sync="TRUE">Internal feature number.</attrdef><attrdefs Sync="TRUE">Esri</attrdefs><attrdomv><udom Sync="TRUE">Sequential unique whole numbers that are automatically generated.</udom></attrdomv></attr><attr><attrlabl Sync="TRUE">Shape</attrlabl><attalias Sync="TRUE">Shape</attalias><attrtype Sync="TRUE">Geometry</attrtype><attwidth Sync="TRUE">0</attwidth><atprecis Sync="TRUE">0</atprecis><attscale Sync="TRUE">0</attscale><attrdef Sync="TRUE">Feature geometry.</attrdef><attrdefs Sync="TRUE">Esri</attrdefs><attrdomv><udom Sync="TRUE">Coordinates defining the features.</udom></attrdomv></attr><attr><attrlabl Sync="TRUE">osm_id</attrlabl><attalias Sync="TRUE">osm_id</attalias><attrtype Sync="TRUE">String</attrtype><attwidth Sync="TRUE">12</attwidth><atprecis Sync="TRUE">0</atprecis><attscale Sync="TRUE">0</attscale></attr><attr><attrlabl Sync="TRUE">code</attrlabl><attalias Sync="TRUE">code</attalias><attrtype Sync="TRUE">Integer</attrtype><attwidth Sync="TRUE">10</attwidth><atprecis Sync="TRUE">10</atprecis><attscale Sync="TRUE">0</attscale></attr><attr><attrlabl Sync="TRUE">fclass</attrlabl><attalias Sync="TRUE">fclass</attalias><attrtype Sync="TRUE">String</attrtype><attwidth Sync="TRUE">28</attwidth><atprecis Sync="TRUE">0</atprecis><attscale Sync="TRUE">0</attscale></attr><attr><attrlabl Sync="TRUE">name</attrlabl><attalias Sync="TRUE">name</attalias><attrtype Sync="TRUE">String</attrtype><attwidth Sync="TRUE">100</attwidth><atprecis Sync="TRUE">0</atprecis><attscale Sync="TRUE">0</attscale></attr><attr><attrlabl Sync="TRUE">type</attrlabl><attalias Sync="TRUE">type</attalias><attrtype Sync="TRUE">String</attrtype><attwidth Sync="TRUE">20</attwidth><atprecis Sync="TRUE">0</atprecis><attscale Sync="TRUE">0</attscale></attr><attr><attrlabl Sync="TRUE">Shape_Leng</attrlabl><attalias Sync="TRUE">Shape_Leng</attalias><attrtype Sync="TRUE">Double</attrtype><attwidth Sync="TRUE">19</attwidth><atprecis Sync="TRUE">0</atprecis><attscale Sync="TRUE">0</attscale></attr><attr><attrlabl Sync="TRUE">Shape_Le_1</attrlabl><attalias Sync="TRUE">Shape_Le_1</attalias><attrtype Sync="TRUE">Double</attrtype><attwidth Sync="TRUE">19</attwidth><atprecis Sync="TRUE">0</atprecis><attscale Sync="TRUE">0</attscale></attr><attr><attrlabl Sync="TRUE">Shape_Le_2</attrlabl><attalias Sync="TRUE">Shape_Le_2</attalias><attrtype Sync="TRUE">Double</attrtype><attwidth Sync="TRUE">19</attwidth><atprecis Sync="TRUE">0</atprecis><attscale Sync="TRUE">0</attscale></attr><attr><attrlabl Sync="TRUE">Shape_Area</attrlabl><attalias Sync="TRUE">Shape_Area</attalias><attrtype Sync="TRUE">Double</attrtype><attwidth Sync="TRUE">19</attwidth><atprecis Sync="TRUE">0</atprecis><attscale Sync="TRUE">0</attscale><attrdef Sync="TRUE">Area of feature in internal units squared.</attrdef><attrdefs Sync="TRUE">Esri</attrdefs><attrdomv><udom Sync="TRUE">Positive real numbers that are automatically generated.</udom></attrdomv></attr></detailed></eainfo><mdDateSt Sync="TRUE">20250321</mdDateSt></metadata>
